ID,Overetch,Distance,Angle
2,0.1,1.5,1.0
3,0.1,1.5,0.7777777777777778
4,0.1,1.5,0.5555555555555556
5,0.1,1.5,0.33333333333333337
6,0.1,1.5,0.11111111111111116
7,0.1,1.5,-0.11111111111111116
8,0.1,1.5,-0.33333333333333326
9,0.1,1.5,-0.5555555555555554
10,0.1,1.5,-0.7777777777777777
11,0.1,1.5,-1.0
12,0.1,1.6111111111111112,1.0
13,0.1,1.6111111111111112,0.7777777777777778
14,0.1,1.6111111111111112,0.5555555555555556
15,0.1,1.6111111111111112,0.33333333333333337
16,0.1,1.6111111111111112,0.11111111111111116
17,0.1,1.6111111111111112,-0.11111111111111116
18,0.1,1.6111111111111112,-0.33333333333333326
19,0.1,1.6111111111111112,-0.5555555555555554
20,0.1,1.6111111111111112,-0.7777777777777777
21,0.1,1.6111111111111112,-1.0
22,0.1,1.7222222222222223,1.0
23,0.1,1.7222222222222223,0.7777777777777778
24,0.1,1.7222222222222223,0.5555555555555556
25,0.1,1.7222222222222223,0.33333333333333337
26,0.1,1.7222222222222223,0.11111111111111116
27,0.1,1.7222222222222223,-0.11111111111111116
28,0.1,1.7222222222222223,-0.33333333333333326
29,0.1,1.7222222222222223,-0.5555555555555554
30,0.1,1.7222222222222223,-0.7777777777777777
31,0.1,1.7222222222222223,-1.0
32,0.1,1.8333333333333333,1.0
33,0.1,1.8333333333333333,0.7777777777777778
34,0.1,1.8333333333333333,0.5555555555555556
35,0.1,1.8333333333333333,0.33333333333333337
36,0.1,1.8333333333333333,0.11111111111111116
37,0.1,1.8333333333333333,-0.11111111111111116
38,0.1,1.8333333333333333,-0.33333333333333326
39,0.1,1.8333333333333333,-0.5555555555555554
40,0.1,1.8333333333333333,-0.7777777777777777
41,0.1,1.8333333333333333,-1.0
42,0.1,1.9444444444444444,1.0
43,0.1,1.9444444444444444,0.7777777777777778
44,0.1,1.9444444444444444,0.5555555555555556
45,0.1,1.9444444444444444,0.33333333333333337
46,0.1,1.9444444444444444,0.11111111111111116
47,0.1,1.9444444444444444,-0.11111111111111116
48,0.1,1.9444444444444444,-0.33333333333333326
49,0.1,1.9444444444444444,-0.5555555555555554
50,0.1,1.9444444444444444,-0.7777777777777777
51,0.1,1.9444444444444444,-1.0
52,0.1,2.0555555555555554,1.0
53,0.1,2.0555555555555554,0.7777777777777778
54,0.1,2.0555555555555554,0.5555555555555556
55,0.1,2.0555555555555554,0.33333333333333337
56,0.1,2.0555555555555554,0.11111111111111116
57,0.1,2.0555555555555554,-0.11111111111111116
58,0.1,2.0555555555555554,-0.33333333333333326
59,0.1,2.0555555555555554,-0.5555555555555554
60,0.1,2.0555555555555554,-0.7777777777777777
61,0.1,2.0555555555555554,-1.0
62,0.1,2.1666666666666665,1.0
63,0.1,2.1666666666666665,0.7777777777777778
64,0.1,2.1666666666666665,0.5555555555555556
65,0.1,2.1666666666666665,0.33333333333333337
66,0.1,2.1666666666666665,0.11111111111111116
67,0.1,2.1666666666666665,-0.11111111111111116
68,0.1,2.1666666666666665,-0.33333333333333326
69,0.1,2.1666666666666665,-0.5555555555555554
70,0.1,2.1666666666666665,-0.7777777777777777
71,0.1,2.1666666666666665,-1.0
72,0.1,2.2777777777777777,1.0
73,0.1,2.2777777777777777,0.7777777777777778
74,0.1,2.2777777777777777,0.5555555555555556
75,0.1,2.2777777777777777,0.33333333333333337
76,0.1,2.2777777777777777,0.11111111111111116
77,0.1,2.2777777777777777,-0.11111111111111116
78,0.1,2.2777777777777777,-0.33333333333333326
79,0.1,2.2777777777777777,-0.5555555555555554
80,0.1,2.2777777777777777,-0.7777777777777777
81,0.1,2.2777777777777777,-1.0
82,0.1,2.388888888888889,1.0
83,0.1,2.388888888888889,0.7777777777777778
84,0.1,2.388888888888889,0.5555555555555556
85,0.1,2.388888888888889,0.33333333333333337
86,0.1,2.388888888888889,0.11111111111111116
87,0.1,2.388888888888889,-0.11111111111111116
88,0.1,2.388888888888889,-0.33333333333333326
89,0.1,2.388888888888889,-0.5555555555555554
90,0.1,2.388888888888889,-0.7777777777777777
91,0.1,2.388888888888889,-1.0
92,0.1,2.5,1.0
93,0.1,2.5,0.7777777777777778
94,0.1,2.5,0.5555555555555556
95,0.1,2.5,0.33333333333333337
96,0.1,2.5,0.11111111111111116
97,0.1,2.5,-0.11111111111111116
98,0.1,2.5,-0.33333333333333326
99,0.1,2.5,-0.5555555555555554
100,0.1,2.5,-0.7777777777777777
101,0.1,2.5,-1.0
102,0.15555555555555556,1.5,1.0
103,0.15555555555555556,1.5,0.7777777777777778
104,0.15555555555555556,1.5,0.5555555555555556
105,0.15555555555555556,1.5,0.33333333333333337
106,0.15555555555555556,1.5,0.11111111111111116
107,0.15555555555555556,1.5,-0.11111111111111116
108,0.15555555555555556,1.5,-0.33333333333333326
109,0.15555555555555556,1.5,-0.5555555555555554
110,0.15555555555555556,1.5,-0.7777777777777777
111,0.15555555555555556,1.5,-1.0
112,0.15555555555555556,1.6111111111111112,1.0
113,0.15555555555555556,1.6111111111111112,0.7777777777777778
114,0.15555555555555556,1.6111111111111112,0.5555555555555556
115,0.15555555555555556,1.6111111111111112,0.33333333333333337
116,0.15555555555555556,1.6111111111111112,0.11111111111111116
117,0.15555555555555556,1.6111111111111112,-0.11111111111111116
118,0.15555555555555556,1.6111111111111112,-0.33333333333333326
119,0.15555555555555556,1.6111111111111112,-0.5555555555555554
120,0.15555555555555556,1.6111111111111112,-0.7777777777777777
121,0.15555555555555556,1.6111111111111112,-1.0
122,0.15555555555555556,1.7222222222222223,1.0
123,0.15555555555555556,1.7222222222222223,0.7777777777777778
124,0.15555555555555556,1.7222222222222223,0.5555555555555556
125,0.15555555555555556,1.7222222222222223,0.33333333333333337
126,0.15555555555555556,1.7222222222222223,0.11111111111111116
127,0.15555555555555556,1.7222222222222223,-0.11111111111111116
128,0.15555555555555556,1.7222222222222223,-0.33333333333333326
129,0.15555555555555556,1.7222222222222223,-0.5555555555555554
130,0.15555555555555556,1.7222222222222223,-0.7777777777777777
131,0.15555555555555556,1.7222222222222223,-1.0
132,0.15555555555555556,1.8333333333333333,1.0
133,0.15555555555555556,1.8333333333333333,0.7777777777777778
134,0.15555555555555556,1.8333333333333333,0.5555555555555556
135,0.15555555555555556,1.8333333333333333,0.33333333333333337
136,0.15555555555555556,1.8333333333333333,0.11111111111111116
137,0.15555555555555556,1.8333333333333333,-0.11111111111111116
138,0.15555555555555556,1.8333333333333333,-0.33333333333333326
139,0.15555555555555556,1.8333333333333333,-0.5555555555555554
140,0.15555555555555556,1.8333333333333333,-0.7777777777777777
141,0.15555555555555556,1.8333333333333333,-1.0
142,0.15555555555555556,1.9444444444444444,1.0
143,0.15555555555555556,1.9444444444444444,0.7777777777777778
144,0.15555555555555556,1.9444444444444444,0.5555555555555556
145,0.15555555555555556,1.9444444444444444,0.33333333333333337
146,0.15555555555555556,1.9444444444444444,0.11111111111111116
147,0.15555555555555556,1.9444444444444444,-0.11111111111111116
148,0.15555555555555556,1.9444444444444444,-0.33333333333333326
149,0.15555555555555556,1.9444444444444444,-0.5555555555555554
150,0.15555555555555556,1.9444444444444444,-0.7777777777777777
151,0.15555555555555556,1.9444444444444444,-1.0
152,0.15555555555555556,2.0555555555555554,1.0
153,0.15555555555555556,2.0555555555555554,0.7777777777777778
154,0.15555555555555556,2.0555555555555554,0.5555555555555556
155,0.15555555555555556,2.0555555555555554,0.33333333333333337
156,0.15555555555555556,2.0555555555555554,0.11111111111111116
157,0.15555555555555556,2.0555555555555554,-0.11111111111111116
158,0.15555555555555556,2.0555555555555554,-0.33333333333333326
159,0.15555555555555556,2.0555555555555554,-0.5555555555555554
160,0.15555555555555556,2.0555555555555554,-0.7777777777777777
161,0.15555555555555556,2.0555555555555554,-1.0
162,0.15555555555555556,2.1666666666666665,1.0
163,0.15555555555555556,2.1666666666666665,0.7777777777777778
164,0.15555555555555556,2.1666666666666665,0.5555555555555556
165,0.15555555555555556,2.1666666666666665,0.33333333333333337
166,0.15555555555555556,2.1666666666666665,0.11111111111111116
167,0.15555555555555556,2.1666666666666665,-0.11111111111111116
168,0.15555555555555556,2.1666666666666665,-0.33333333333333326
169,0.15555555555555556,2.1666666666666665,-0.5555555555555554
170,0.15555555555555556,2.1666666666666665,-0.7777777777777777
171,0.15555555555555556,2.1666666666666665,-1.0
172,0.15555555555555556,2.2777777777777777,1.0
173,0.15555555555555556,2.2777777777777777,0.7777777777777778
174,0.15555555555555556,2.2777777777777777,0.5555555555555556
175,0.15555555555555556,2.2777777777777777,0.33333333333333337
176,0.15555555555555556,2.2777777777777777,0.11111111111111116
177,0.15555555555555556,2.2777777777777777,-0.11111111111111116
178,0.15555555555555556,2.2777777777777777,-0.33333333333333326
179,0.15555555555555556,2.2777777777777777,-0.5555555555555554
180,0.15555555555555556,2.2777777777777777,-0.7777777777777777
181,0.15555555555555556,2.2777777777777777,-1.0
182,0.15555555555555556,2.388888888888889,1.0
183,0.15555555555555556,2.388888888888889,0.7777777777777778
184,0.15555555555555556,2.388888888888889,0.5555555555555556
185,0.15555555555555556,2.388888888888889,0.33333333333333337
186,0.15555555555555556,2.388888888888889,0.11111111111111116
187,0.15555555555555556,2.388888888888889,-0.11111111111111116
188,0.15555555555555556,2.388888888888889,-0.33333333333333326
189,0.15555555555555556,2.388888888888889,-0.5555555555555554
190,0.15555555555555556,2.388888888888889,-0.7777777777777777
191,0.15555555555555556,2.388888888888889,-1.0
192,0.15555555555555556,2.5,1.0
193,0.15555555555555556,2.5,0.7777777777777778
194,0.15555555555555556,2.5,0.5555555555555556
195,0.15555555555555556,2.5,0.33333333333333337
196,0.15555555555555556,2.5,0.11111111111111116
197,0.15555555555555556,2.5,-0.11111111111111116
198,0.15555555555555556,2.5,-0.33333333333333326
199,0.15555555555555556,2.5,-0.5555555555555554
200,0.15555555555555556,2.5,-0.7777777777777777
201,0.15555555555555556,2.5,-1.0
202,0.2111111111111111,1.5,1.0
203,0.2111111111111111,1.5,0.7777777777777778
204,0.2111111111111111,1.5,0.5555555555555556
205,0.2111111111111111,1.5,0.33333333333333337
206,0.2111111111111111,1.5,0.11111111111111116
207,0.2111111111111111,1.5,-0.11111111111111116
208,0.2111111111111111,1.5,-0.33333333333333326
209,0.2111111111111111,1.5,-0.5555555555555554
210,0.2111111111111111,1.5,-0.7777777777777777
211,0.2111111111111111,1.5,-1.0
212,0.2111111111111111,1.6111111111111112,1.0
213,0.2111111111111111,1.6111111111111112,0.7777777777777778
214,0.2111111111111111,1.6111111111111112,0.5555555555555556
215,0.2111111111111111,1.6111111111111112,0.33333333333333337
216,0.2111111111111111,1.6111111111111112,0.11111111111111116
217,0.2111111111111111,1.6111111111111112,-0.11111111111111116
218,0.2111111111111111,1.6111111111111112,-0.33333333333333326
219,0.2111111111111111,1.6111111111111112,-0.5555555555555554
220,0.2111111111111111,1.6111111111111112,-0.7777777777777777
221,0.2111111111111111,1.6111111111111112,-1.0
222,0.2111111111111111,1.7222222222222223,1.0
223,0.2111111111111111,1.7222222222222223,0.7777777777777778
224,0.2111111111111111,1.7222222222222223,0.5555555555555556
225,0.2111111111111111,1.7222222222222223,0.33333333333333337
226,0.2111111111111111,1.7222222222222223,0.11111111111111116
227,0.2111111111111111,1.7222222222222223,-0.11111111111111116
228,0.2111111111111111,1.7222222222222223,-0.33333333333333326
229,0.2111111111111111,1.7222222222222223,-0.5555555555555554
230,0.2111111111111111,1.7222222222222223,-0.7777777777777777
231,0.2111111111111111,1.7222222222222223,-1.0
232,0.2111111111111111,1.8333333333333333,1.0
233,0.2111111111111111,1.8333333333333333,0.7777777777777778
234,0.2111111111111111,1.8333333333333333,0.5555555555555556
235,0.2111111111111111,1.8333333333333333,0.33333333333333337
236,0.2111111111111111,1.8333333333333333,0.11111111111111116
237,0.2111111111111111,1.8333333333333333,-0.11111111111111116
238,0.2111111111111111,1.8333333333333333,-0.33333333333333326
239,0.2111111111111111,1.8333333333333333,-0.5555555555555554
240,0.2111111111111111,1.8333333333333333,-0.7777777777777777
241,0.2111111111111111,1.8333333333333333,-1.0
242,0.2111111111111111,1.9444444444444444,1.0
243,0.2111111111111111,1.9444444444444444,0.7777777777777778
244,0.2111111111111111,1.9444444444444444,0.5555555555555556
245,0.2111111111111111,1.9444444444444444,0.33333333333333337
246,0.2111111111111111,1.9444444444444444,0.11111111111111116
247,0.2111111111111111,1.9444444444444444,-0.11111111111111116
248,0.2111111111111111,1.9444444444444444,-0.33333333333333326
249,0.2111111111111111,1.9444444444444444,-0.5555555555555554
250,0.2111111111111111,1.9444444444444444,-0.7777777777777777
251,0.2111111111111111,1.9444444444444444,-1.0
252,0.2111111111111111,2.0555555555555554,1.0
253,0.2111111111111111,2.0555555555555554,0.7777777777777778
254,0.2111111111111111,2.0555555555555554,0.5555555555555556
255,0.2111111111111111,2.0555555555555554,0.33333333333333337
256,0.2111111111111111,2.0555555555555554,0.11111111111111116
257,0.2111111111111111,2.0555555555555554,-0.11111111111111116
258,0.2111111111111111,2.0555555555555554,-0.33333333333333326
259,0.2111111111111111,2.0555555555555554,-0.5555555555555554
260,0.2111111111111111,2.0555555555555554,-0.7777777777777777
261,0.2111111111111111,2.0555555555555554,-1.0
262,0.2111111111111111,2.1666666666666665,1.0
263,0.2111111111111111,2.1666666666666665,0.7777777777777778
264,0.2111111111111111,2.1666666666666665,0.5555555555555556
265,0.2111111111111111,2.1666666666666665,0.33333333333333337
266,0.2111111111111111,2.1666666666666665,0.11111111111111116
267,0.2111111111111111,2.1666666666666665,-0.11111111111111116
268,0.2111111111111111,2.1666666666666665,-0.33333333333333326
269,0.2111111111111111,2.1666666666666665,-0.5555555555555554
270,0.2111111111111111,2.1666666666666665,-0.7777777777777777
271,0.2111111111111111,2.1666666666666665,-1.0
272,0.2111111111111111,2.2777777777777777,1.0
273,0.2111111111111111,2.2777777777777777,0.7777777777777778
274,0.2111111111111111,2.2777777777777777,0.5555555555555556
275,0.2111111111111111,2.2777777777777777,0.33333333333333337
276,0.2111111111111111,2.2777777777777777,0.11111111111111116
277,0.2111111111111111,2.2777777777777777,-0.11111111111111116
278,0.2111111111111111,2.2777777777777777,-0.33333333333333326
279,0.2111111111111111,2.2777777777777777,-0.5555555555555554
280,0.2111111111111111,2.2777777777777777,-0.7777777777777777
281,0.2111111111111111,2.2777777777777777,-1.0
282,0.2111111111111111,2.388888888888889,1.0
283,0.2111111111111111,2.388888888888889,0.7777777777777778
284,0.2111111111111111,2.388888888888889,0.5555555555555556
285,0.2111111111111111,2.388888888888889,0.33333333333333337
286,0.2111111111111111,2.388888888888889,0.11111111111111116
287,0.2111111111111111,2.388888888888889,-0.11111111111111116
288,0.2111111111111111,2.388888888888889,-0.33333333333333326
289,0.2111111111111111,2.388888888888889,-0.5555555555555554
290,0.2111111111111111,2.388888888888889,-0.7777777777777777
291,0.2111111111111111,2.388888888888889,-1.0
292,0.2111111111111111,2.5,1.0
293,0.2111111111111111,2.5,0.7777777777777778
294,0.2111111111111111,2.5,0.5555555555555556
295,0.2111111111111111,2.5,0.33333333333333337
296,0.2111111111111111,2.5,0.11111111111111116
297,0.2111111111111111,2.5,-0.11111111111111116
298,0.2111111111111111,2.5,-0.33333333333333326
299,0.2111111111111111,2.5,-0.5555555555555554
300,0.2111111111111111,2.5,-0.7777777777777777
301,0.2111111111111111,2.5,-1.0
302,0.26666666666666666,1.5,1.0
303,0.26666666666666666,1.5,0.7777777777777778
304,0.26666666666666666,1.5,0.5555555555555556
305,0.26666666666666666,1.5,0.33333333333333337
306,0.26666666666666666,1.5,0.11111111111111116
307,0.26666666666666666,1.5,-0.11111111111111116
308,0.26666666666666666,1.5,-0.33333333333333326
309,0.26666666666666666,1.5,-0.5555555555555554
310,0.26666666666666666,1.5,-0.7777777777777777
311,0.26666666666666666,1.5,-1.0
312,0.26666666666666666,1.6111111111111112,1.0
313,0.26666666666666666,1.6111111111111112,0.7777777777777778
314,0.26666666666666666,1.6111111111111112,0.5555555555555556
315,0.26666666666666666,1.6111111111111112,0.33333333333333337
316,0.26666666666666666,1.6111111111111112,0.11111111111111116
317,0.26666666666666666,1.6111111111111112,-0.11111111111111116
318,0.26666666666666666,1.6111111111111112,-0.33333333333333326
319,0.26666666666666666,1.6111111111111112,-0.5555555555555554
320,0.26666666666666666,1.6111111111111112,-0.7777777777777777
321,0.26666666666666666,1.6111111111111112,-1.0
322,0.26666666666666666,1.7222222222222223,1.0
323,0.26666666666666666,1.7222222222222223,0.7777777777777778
324,0.26666666666666666,1.7222222222222223,0.5555555555555556
325,0.26666666666666666,1.7222222222222223,0.33333333333333337
326,0.26666666666666666,1.7222222222222223,0.11111111111111116
327,0.26666666666666666,1.7222222222222223,-0.11111111111111116
328,0.26666666666666666,1.7222222222222223,-0.33333333333333326
329,0.26666666666666666,1.7222222222222223,-0.5555555555555554
330,0.26666666666666666,1.7222222222222223,-0.7777777777777777
331,0.26666666666666666,1.7222222222222223,-1.0
332,0.26666666666666666,1.8333333333333333,1.0
333,0.26666666666666666,1.8333333333333333,0.7777777777777778
334,0.26666666666666666,1.8333333333333333,0.5555555555555556
335,0.26666666666666666,1.8333333333333333,0.33333333333333337
336,0.26666666666666666,1.8333333333333333,0.11111111111111116
337,0.26666666666666666,1.8333333333333333,-0.11111111111111116
338,0.26666666666666666,1.8333333333333333,-0.33333333333333326
339,0.26666666666666666,1.8333333333333333,-0.5555555555555554
340,0.26666666666666666,1.8333333333333333,-0.7777777777777777
341,0.26666666666666666,1.8333333333333333,-1.0
342,0.26666666666666666,1.9444444444444444,1.0
343,0.26666666666666666,1.9444444444444444,0.7777777777777778
344,0.26666666666666666,1.9444444444444444,0.5555555555555556
345,0.26666666666666666,1.9444444444444444,0.33333333333333337
346,0.26666666666666666,1.9444444444444444,0.11111111111111116
347,0.26666666666666666,1.9444444444444444,-0.11111111111111116
348,0.26666666666666666,1.9444444444444444,-0.33333333333333326
349,0.26666666666666666,1.9444444444444444,-0.5555555555555554
350,0.26666666666666666,1.9444444444444444,-0.7777777777777777
351,0.26666666666666666,1.9444444444444444,-1.0
352,0.26666666666666666,2.0555555555555554,1.0
353,0.26666666666666666,2.0555555555555554,0.7777777777777778
354,0.26666666666666666,2.0555555555555554,0.5555555555555556
355,0.26666666666666666,2.0555555555555554,0.33333333333333337
356,0.26666666666666666,2.0555555555555554,0.11111111111111116
357,0.26666666666666666,2.0555555555555554,-0.11111111111111116
358,0.26666666666666666,2.0555555555555554,-0.33333333333333326
359,0.26666666666666666,2.0555555555555554,-0.5555555555555554
360,0.26666666666666666,2.0555555555555554,-0.7777777777777777
361,0.26666666666666666,2.0555555555555554,-1.0
362,0.26666666666666666,2.1666666666666665,1.0
363,0.26666666666666666,2.1666666666666665,0.7777777777777778
364,0.26666666666666666,2.1666666666666665,0.5555555555555556
365,0.26666666666666666,2.1666666666666665,0.33333333333333337
366,0.26666666666666666,2.1666666666666665,0.11111111111111116
367,0.26666666666666666,2.1666666666666665,-0.11111111111111116
368,0.26666666666666666,2.1666666666666665,-0.33333333333333326
369,0.26666666666666666,2.1666666666666665,-0.5555555555555554
370,0.26666666666666666,2.1666666666666665,-0.7777777777777777
371,0.26666666666666666,2.1666666666666665,-1.0
372,0.26666666666666666,2.2777777777777777,1.0
373,0.26666666666666666,2.2777777777777777,0.7777777777777778
374,0.26666666666666666,2.2777777777777777,0.5555555555555556
375,0.26666666666666666,2.2777777777777777,0.33333333333333337
376,0.26666666666666666,2.2777777777777777,0.11111111111111116
377,0.26666666666666666,2.2777777777777777,-0.11111111111111116
378,0.26666666666666666,2.2777777777777777,-0.33333333333333326
379,0.26666666666666666,2.2777777777777777,-0.5555555555555554
380,0.26666666666666666,2.2777777777777777,-0.7777777777777777
381,0.26666666666666666,2.2777777777777777,-1.0
382,0.26666666666666666,2.388888888888889,1.0
383,0.26666666666666666,2.388888888888889,0.7777777777777778
384,0.26666666666666666,2.388888888888889,0.5555555555555556
385,0.26666666666666666,2.388888888888889,0.33333333333333337
386,0.26666666666666666,2.388888888888889,0.11111111111111116
387,0.26666666666666666,2.388888888888889,-0.11111111111111116
388,0.26666666666666666,2.388888888888889,-0.33333333333333326
389,0.26666666666666666,2.388888888888889,-0.5555555555555554
390,0.26666666666666666,2.388888888888889,-0.7777777777777777
391,0.26666666666666666,2.388888888888889,-1.0
392,0.26666666666666666,2.5,1.0
393,0.26666666666666666,2.5,0.7777777777777778
394,0.26666666666666666,2.5,0.5555555555555556
395,0.26666666666666666,2.5,0.33333333333333337
396,0.26666666666666666,2.5,0.11111111111111116
397,0.26666666666666666,2.5,-0.11111111111111116
398,0.26666666666666666,2.5,-0.33333333333333326
399,0.26666666666666666,2.5,-0.5555555555555554
400,0.26666666666666666,2.5,-0.7777777777777777
401,0.26666666666666666,2.5,-1.0
402,0.3222222222222222,1.5,1.0
403,0.3222222222222222,1.5,0.7777777777777778
404,0.3222222222222222,1.5,0.5555555555555556
405,0.3222222222222222,1.5,0.33333333333333337
406,0.3222222222222222,1.5,0.11111111111111116
407,0.3222222222222222,1.5,-0.11111111111111116
408,0.3222222222222222,1.5,-0.33333333333333326
409,0.3222222222222222,1.5,-0.5555555555555554
410,0.3222222222222222,1.5,-0.7777777777777777
411,0.3222222222222222,1.5,-1.0
412,0.3222222222222222,1.6111111111111112,1.0
413,0.3222222222222222,1.6111111111111112,0.7777777777777778
414,0.3222222222222222,1.6111111111111112,0.5555555555555556
415,0.3222222222222222,1.6111111111111112,0.33333333333333337
416,0.3222222222222222,1.6111111111111112,0.11111111111111116
417,0.3222222222222222,1.6111111111111112,-0.11111111111111116
418,0.3222222222222222,1.6111111111111112,-0.33333333333333326
419,0.3222222222222222,1.6111111111111112,-0.5555555555555554
420,0.3222222222222222,1.6111111111111112,-0.7777777777777777
421,0.3222222222222222,1.6111111111111112,-1.0
422,0.3222222222222222,1.7222222222222223,1.0
423,0.3222222222222222,1.7222222222222223,0.7777777777777778
424,0.3222222222222222,1.7222222222222223,0.5555555555555556
425,0.3222222222222222,1.7222222222222223,0.33333333333333337
426,0.3222222222222222,1.7222222222222223,0.11111111111111116
427,0.3222222222222222,1.7222222222222223,-0.11111111111111116
428,0.3222222222222222,1.7222222222222223,-0.33333333333333326
429,0.3222222222222222,1.7222222222222223,-0.5555555555555554
430,0.3222222222222222,1.7222222222222223,-0.7777777777777777
431,0.3222222222222222,1.7222222222222223,-1.0
432,0.3222222222222222,1.8333333333333333,1.0
433,0.3222222222222222,1.8333333333333333,0.7777777777777778
434,0.3222222222222222,1.8333333333333333,0.5555555555555556
435,0.3222222222222222,1.8333333333333333,0.33333333333333337
436,0.3222222222222222,1.8333333333333333,0.11111111111111116
437,0.3222222222222222,1.8333333333333333,-0.11111111111111116
438,0.3222222222222222,1.8333333333333333,-0.33333333333333326
439,0.3222222222222222,1.8333333333333333,-0.5555555555555554
440,0.3222222222222222,1.8333333333333333,-0.7777777777777777
441,0.3222222222222222,1.8333333333333333,-1.0
442,0.3222222222222222,1.9444444444444444,1.0
443,0.3222222222222222,1.9444444444444444,0.7777777777777778
444,0.3222222222222222,1.9444444444444444,0.5555555555555556
445,0.3222222222222222,1.9444444444444444,0.33333333333333337
446,0.3222222222222222,1.9444444444444444,0.11111111111111116
447,0.3222222222222222,1.9444444444444444,-0.11111111111111116
448,0.3222222222222222,1.9444444444444444,-0.33333333333333326
449,0.3222222222222222,1.9444444444444444,-0.5555555555555554
450,0.3222222222222222,1.9444444444444444,-0.7777777777777777
451,0.3222222222222222,1.9444444444444444,-1.0
452,0.3222222222222222,2.0555555555555554,1.0
453,0.3222222222222222,2.0555555555555554,0.7777777777777778
454,0.3222222222222222,2.0555555555555554,0.5555555555555556
455,0.3222222222222222,2.0555555555555554,0.33333333333333337
456,0.3222222222222222,2.0555555555555554,0.11111111111111116
457,0.3222222222222222,2.0555555555555554,-0.11111111111111116
458,0.3222222222222222,2.0555555555555554,-0.33333333333333326
459,0.3222222222222222,2.0555555555555554,-0.5555555555555554
460,0.3222222222222222,2.0555555555555554,-0.7777777777777777
461,0.3222222222222222,2.0555555555555554,-1.0
462,0.3222222222222222,2.1666666666666665,1.0
463,0.3222222222222222,2.1666666666666665,0.7777777777777778
464,0.3222222222222222,2.1666666666666665,0.5555555555555556
465,0.3222222222222222,2.1666666666666665,0.33333333333333337
466,0.3222222222222222,2.1666666666666665,0.11111111111111116
467,0.3222222222222222,2.1666666666666665,-0.11111111111111116
468,0.3222222222222222,2.1666666666666665,-0.33333333333333326
469,0.3222222222222222,2.1666666666666665,-0.5555555555555554
470,0.3222222222222222,2.1666666666666665,-0.7777777777777777
471,0.3222222222222222,2.1666666666666665,-1.0
472,0.3222222222222222,2.2777777777777777,1.0
473,0.3222222222222222,2.2777777777777777,0.7777777777777778
474,0.3222222222222222,2.2777777777777777,0.5555555555555556
475,0.3222222222222222,2.2777777777777777,0.33333333333333337
476,0.3222222222222222,2.2777777777777777,0.11111111111111116
477,0.3222222222222222,2.2777777777777777,-0.11111111111111116
478,0.3222222222222222,2.2777777777777777,-0.33333333333333326
479,0.3222222222222222,2.2777777777777777,-0.5555555555555554
480,0.3222222222222222,2.2777777777777777,-0.7777777777777777
481,0.3222222222222222,2.2777777777777777,-1.0
482,0.3222222222222222,2.388888888888889,1.0
483,0.3222222222222222,2.388888888888889,0.7777777777777778
484,0.3222222222222222,2.388888888888889,0.5555555555555556
485,0.3222222222222222,2.388888888888889,0.33333333333333337
486,0.3222222222222222,2.388888888888889,0.11111111111111116
487,0.3222222222222222,2.388888888888889,-0.11111111111111116
488,0.3222222222222222,2.388888888888889,-0.33333333333333326
489,0.3222222222222222,2.388888888888889,-0.5555555555555554
490,0.3222222222222222,2.388888888888889,-0.7777777777777777
491,0.3222222222222222,2.388888888888889,-1.0
492,0.3222222222222222,2.5,1.0
493,0.3222222222222222,2.5,0.7777777777777778
494,0.3222222222222222,2.5,0.5555555555555556
495,0.3222222222222222,2.5,0.33333333333333337
496,0.3222222222222222,2.5,0.11111111111111116
497,0.3222222222222222,2.5,-0.11111111111111116
498,0.3222222222222222,2.5,-0.33333333333333326
499,0.3222222222222222,2.5,-0.5555555555555554
500,0.3222222222222222,2.5,-0.7777777777777777
501,0.3222222222222222,2.5,-1.0
502,0.37777777777777777,1.5,1.0
503,0.37777777777777777,1.5,0.7777777777777778
504,0.37777777777777777,1.5,0.5555555555555556
505,0.37777777777777777,1.5,0.33333333333333337
506,0.37777777777777777,1.5,0.11111111111111116
507,0.37777777777777777,1.5,-0.11111111111111116
508,0.37777777777777777,1.5,-0.33333333333333326
509,0.37777777777777777,1.5,-0.5555555555555554
510,0.37777777777777777,1.5,-0.7777777777777777
511,0.37777777777777777,1.5,-1.0
512,0.37777777777777777,1.6111111111111112,1.0
513,0.37777777777777777,1.6111111111111112,0.7777777777777778
514,0.37777777777777777,1.6111111111111112,0.5555555555555556
515,0.37777777777777777,1.6111111111111112,0.33333333333333337
516,0.37777777777777777,1.6111111111111112,0.11111111111111116
517,0.37777777777777777,1.6111111111111112,-0.11111111111111116
518,0.37777777777777777,1.6111111111111112,-0.33333333333333326
519,0.37777777777777777,1.6111111111111112,-0.5555555555555554
520,0.37777777777777777,1.6111111111111112,-0.7777777777777777
521,0.37777777777777777,1.6111111111111112,-1.0
522,0.37777777777777777,1.7222222222222223,1.0
523,0.37777777777777777,1.7222222222222223,0.7777777777777778
524,0.37777777777777777,1.7222222222222223,0.5555555555555556
525,0.37777777777777777,1.7222222222222223,0.33333333333333337
526,0.37777777777777777,1.7222222222222223,0.11111111111111116
527,0.37777777777777777,1.7222222222222223,-0.11111111111111116
528,0.37777777777777777,1.7222222222222223,-0.33333333333333326
529,0.37777777777777777,1.7222222222222223,-0.5555555555555554
530,0.37777777777777777,1.7222222222222223,-0.7777777777777777
531,0.37777777777777777,1.7222222222222223,-1.0
532,0.37777777777777777,1.8333333333333333,1.0
533,0.37777777777777777,1.8333333333333333,0.7777777777777778
534,0.37777777777777777,1.8333333333333333,0.5555555555555556
535,0.37777777777777777,1.8333333333333333,0.33333333333333337
536,0.37777777777777777,1.8333333333333333,0.11111111111111116
537,0.37777777777777777,1.8333333333333333,-0.11111111111111116
538,0.37777777777777777,1.8333333333333333,-0.33333333333333326
539,0.37777777777777777,1.8333333333333333,-0.5555555555555554
540,0.37777777777777777,1.8333333333333333,-0.7777777777777777
541,0.37777777777777777,1.8333333333333333,-1.0
542,0.37777777777777777,1.9444444444444444,1.0
543,0.37777777777777777,1.9444444444444444,0.7777777777777778
544,0.37777777777777777,1.9444444444444444,0.5555555555555556
545,0.37777777777777777,1.9444444444444444,0.33333333333333337
546,0.37777777777777777,1.9444444444444444,0.11111111111111116
547,0.37777777777777777,1.9444444444444444,-0.11111111111111116
548,0.37777777777777777,1.9444444444444444,-0.33333333333333326
549,0.37777777777777777,1.9444444444444444,-0.5555555555555554
550,0.37777777777777777,1.9444444444444444,-0.7777777777777777
551,0.37777777777777777,1.9444444444444444,-1.0
552,0.37777777777777777,2.0555555555555554,1.0
553,0.37777777777777777,2.0555555555555554,0.7777777777777778
554,0.37777777777777777,2.0555555555555554,0.5555555555555556
555,0.37777777777777777,2.0555555555555554,0.33333333333333337
556,0.37777777777777777,2.0555555555555554,0.11111111111111116
557,0.37777777777777777,2.0555555555555554,-0.11111111111111116
558,0.37777777777777777,2.0555555555555554,-0.33333333333333326
559,0.37777777777777777,2.0555555555555554,-0.5555555555555554
560,0.37777777777777777,2.0555555555555554,-0.7777777777777777
561,0.37777777777777777,2.0555555555555554,-1.0
562,0.37777777777777777,2.1666666666666665,1.0
563,0.37777777777777777,2.1666666666666665,0.7777777777777778
564,0.37777777777777777,2.1666666666666665,0.5555555555555556
565,0.37777777777777777,2.1666666666666665,0.33333333333333337
566,0.37777777777777777,2.1666666666666665,0.11111111111111116
567,0.37777777777777777,2.1666666666666665,-0.11111111111111116
568,0.37777777777777777,2.1666666666666665,-0.33333333333333326
569,0.37777777777777777,2.1666666666666665,-0.5555555555555554
570,0.37777777777777777,2.1666666666666665,-0.7777777777777777
571,0.37777777777777777,2.1666666666666665,-1.0
572,0.37777777777777777,2.2777777777777777,1.0
573,0.37777777777777777,2.2777777777777777,0.7777777777777778
574,0.37777777777777777,2.2777777777777777,0.5555555555555556
575,0.37777777777777777,2.2777777777777777,0.33333333333333337
576,0.37777777777777777,2.2777777777777777,0.11111111111111116
577,0.37777777777777777,2.2777777777777777,-0.11111111111111116
578,0.37777777777777777,2.2777777777777777,-0.33333333333333326
579,0.37777777777777777,2.2777777777777777,-0.5555555555555554
580,0.37777777777777777,2.2777777777777777,-0.7777777777777777
581,0.37777777777777777,2.2777777777777777,-1.0
582,0.37777777777777777,2.388888888888889,1.0
583,0.37777777777777777,2.388888888888889,0.7777777777777778
584,0.37777777777777777,2.388888888888889,0.5555555555555556
585,0.37777777777777777,2.388888888888889,0.33333333333333337
586,0.37777777777777777,2.388888888888889,0.11111111111111116
587,0.37777777777777777,2.388888888888889,-0.11111111111111116
588,0.37777777777777777,2.388888888888889,-0.33333333333333326
589,0.37777777777777777,2.388888888888889,-0.5555555555555554
590,0.37777777777777777,2.388888888888889,-0.7777777777777777
591,0.37777777777777777,2.388888888888889,-1.0
592,0.37777777777777777,2.5,1.0
593,0.37777777777777777,2.5,0.7777777777777778
594,0.37777777777777777,2.5,0.5555555555555556
595,0.37777777777777777,2.5,0.33333333333333337
596,0.37777777777777777,2.5,0.11111111111111116
597,0.37777777777777777,2.5,-0.11111111111111116
598,0.37777777777777777,2.5,-0.33333333333333326
599,0.37777777777777777,2.5,-0.5555555555555554
600,0.37777777777777777,2.5,-0.7777777777777777
601,0.37777777777777777,2.5,-1.0
602,0.43333333333333335,1.5,1.0
603,0.43333333333333335,1.5,0.7777777777777778
604,0.43333333333333335,1.5,0.5555555555555556
605,0.43333333333333335,1.5,0.33333333333333337
606,0.43333333333333335,1.5,0.11111111111111116
607,0.43333333333333335,1.5,-0.11111111111111116
608,0.43333333333333335,1.5,-0.33333333333333326
609,0.43333333333333335,1.5,-0.5555555555555554
610,0.43333333333333335,1.5,-0.7777777777777777
611,0.43333333333333335,1.5,-1.0
612,0.43333333333333335,1.6111111111111112,1.0
613,0.43333333333333335,1.6111111111111112,0.7777777777777778
614,0.43333333333333335,1.6111111111111112,0.5555555555555556
615,0.43333333333333335,1.6111111111111112,0.33333333333333337
616,0.43333333333333335,1.6111111111111112,0.11111111111111116
617,0.43333333333333335,1.6111111111111112,-0.11111111111111116
618,0.43333333333333335,1.6111111111111112,-0.33333333333333326
619,0.43333333333333335,1.6111111111111112,-0.5555555555555554
620,0.43333333333333335,1.6111111111111112,-0.7777777777777777
621,0.43333333333333335,1.6111111111111112,-1.0
622,0.43333333333333335,1.7222222222222223,1.0
623,0.43333333333333335,1.7222222222222223,0.7777777777777778
624,0.43333333333333335,1.7222222222222223,0.5555555555555556
625,0.43333333333333335,1.7222222222222223,0.33333333333333337
626,0.43333333333333335,1.7222222222222223,0.11111111111111116
627,0.43333333333333335,1.7222222222222223,-0.11111111111111116
628,0.43333333333333335,1.7222222222222223,-0.33333333333333326
629,0.43333333333333335,1.7222222222222223,-0.5555555555555554
630,0.43333333333333335,1.7222222222222223,-0.7777777777777777
631,0.43333333333333335,1.7222222222222223,-1.0
632,0.43333333333333335,1.8333333333333333,1.0
633,0.43333333333333335,1.8333333333333333,0.7777777777777778
634,0.43333333333333335,1.8333333333333333,0.5555555555555556
635,0.43333333333333335,1.8333333333333333,0.33333333333333337
636,0.43333333333333335,1.8333333333333333,0.11111111111111116
637,0.43333333333333335,1.8333333333333333,-0.11111111111111116
638,0.43333333333333335,1.8333333333333333,-0.33333333333333326
639,0.43333333333333335,1.8333333333333333,-0.5555555555555554
640,0.43333333333333335,1.8333333333333333,-0.7777777777777777
641,0.43333333333333335,1.8333333333333333,-1.0
642,0.43333333333333335,1.9444444444444444,1.0
643,0.43333333333333335,1.9444444444444444,0.7777777777777778
644,0.43333333333333335,1.9444444444444444,0.5555555555555556
645,0.43333333333333335,1.9444444444444444,0.33333333333333337
646,0.43333333333333335,1.9444444444444444,0.11111111111111116
647,0.43333333333333335,1.9444444444444444,-0.11111111111111116
648,0.43333333333333335,1.9444444444444444,-0.33333333333333326
649,0.43333333333333335,1.9444444444444444,-0.5555555555555554
650,0.43333333333333335,1.9444444444444444,-0.7777777777777777
651,0.43333333333333335,1.9444444444444444,-1.0
652,0.43333333333333335,2.0555555555555554,1.0
653,0.43333333333333335,2.0555555555555554,0.7777777777777778
654,0.43333333333333335,2.0555555555555554,0.5555555555555556
655,0.43333333333333335,2.0555555555555554,0.33333333333333337
656,0.43333333333333335,2.0555555555555554,0.11111111111111116
657,0.43333333333333335,2.0555555555555554,-0.11111111111111116
658,0.43333333333333335,2.0555555555555554,-0.33333333333333326
659,0.43333333333333335,2.0555555555555554,-0.5555555555555554
660,0.43333333333333335,2.0555555555555554,-0.7777777777777777
661,0.43333333333333335,2.0555555555555554,-1.0
662,0.43333333333333335,2.1666666666666665,1.0
663,0.43333333333333335,2.1666666666666665,0.7777777777777778
664,0.43333333333333335,2.1666666666666665,0.5555555555555556
665,0.43333333333333335,2.1666666666666665,0.33333333333333337
666,0.43333333333333335,2.1666666666666665,0.11111111111111116
667,0.43333333333333335,2.1666666666666665,-0.11111111111111116
668,0.43333333333333335,2.1666666666666665,-0.33333333333333326
669,0.43333333333333335,2.1666666666666665,-0.5555555555555554
670,0.43333333333333335,2.1666666666666665,-0.7777777777777777
671,0.43333333333333335,2.1666666666666665,-1.0
672,0.43333333333333335,2.2777777777777777,1.0
673,0.43333333333333335,2.2777777777777777,0.7777777777777778
674,0.43333333333333335,2.2777777777777777,0.5555555555555556
675,0.43333333333333335,2.2777777777777777,0.33333333333333337
676,0.43333333333333335,2.2777777777777777,0.11111111111111116
677,0.43333333333333335,2.2777777777777777,-0.11111111111111116
678,0.43333333333333335,2.2777777777777777,-0.33333333333333326
679,0.43333333333333335,2.2777777777777777,-0.5555555555555554
680,0.43333333333333335,2.2777777777777777,-0.7777777777777777
681,0.43333333333333335,2.2777777777777777,-1.0
682,0.43333333333333335,2.388888888888889,1.0
683,0.43333333333333335,2.388888888888889,0.7777777777777778
684,0.43333333333333335,2.388888888888889,0.5555555555555556
685,0.43333333333333335,2.388888888888889,0.33333333333333337
686,0.43333333333333335,2.388888888888889,0.11111111111111116
687,0.43333333333333335,2.388888888888889,-0.11111111111111116
688,0.43333333333333335,2.388888888888889,-0.33333333333333326
689,0.43333333333333335,2.388888888888889,-0.5555555555555554
690,0.43333333333333335,2.388888888888889,-0.7777777777777777
691,0.43333333333333335,2.388888888888889,-1.0
692,0.43333333333333335,2.5,1.0
693,0.43333333333333335,2.5,0.7777777777777778
694,0.43333333333333335,2.5,0.5555555555555556
695,0.43333333333333335,2.5,0.33333333333333337
696,0.43333333333333335,2.5,0.11111111111111116
697,0.43333333333333335,2.5,-0.11111111111111116
698,0.43333333333333335,2.5,-0.33333333333333326
699,0.43333333333333335,2.5,-0.5555555555555554
700,0.43333333333333335,2.5,-0.7777777777777777
701,0.43333333333333335,2.5,-1.0
702,0.4888888888888888,1.5,1.0
703,0.4888888888888888,1.5,0.7777777777777778
704,0.4888888888888888,1.5,0.5555555555555556
705,0.4888888888888888,1.5,0.33333333333333337
706,0.4888888888888888,1.5,0.11111111111111116
707,0.4888888888888888,1.5,-0.11111111111111116
708,0.4888888888888888,1.5,-0.33333333333333326
709,0.4888888888888888,1.5,-0.5555555555555554
710,0.4888888888888888,1.5,-0.7777777777777777
711,0.4888888888888888,1.5,-1.0
712,0.4888888888888888,1.6111111111111112,1.0
713,0.4888888888888888,1.6111111111111112,0.7777777777777778
714,0.4888888888888888,1.6111111111111112,0.5555555555555556
715,0.4888888888888888,1.6111111111111112,0.33333333333333337
716,0.4888888888888888,1.6111111111111112,0.11111111111111116
717,0.4888888888888888,1.6111111111111112,-0.11111111111111116
718,0.4888888888888888,1.6111111111111112,-0.33333333333333326
719,0.4888888888888888,1.6111111111111112,-0.5555555555555554
720,0.4888888888888888,1.6111111111111112,-0.7777777777777777
721,0.4888888888888888,1.6111111111111112,-1.0
722,0.4888888888888888,1.7222222222222223,1.0
723,0.4888888888888888,1.7222222222222223,0.7777777777777778
724,0.4888888888888888,1.7222222222222223,0.5555555555555556
725,0.4888888888888888,1.7222222222222223,0.33333333333333337
726,0.4888888888888888,1.7222222222222223,0.11111111111111116
727,0.4888888888888888,1.7222222222222223,-0.11111111111111116
728,0.4888888888888888,1.7222222222222223,-0.33333333333333326
729,0.4888888888888888,1.7222222222222223,-0.5555555555555554
730,0.4888888888888888,1.7222222222222223,-0.7777777777777777
731,0.4888888888888888,1.7222222222222223,-1.0
732,0.4888888888888888,1.8333333333333333,1.0
733,0.4888888888888888,1.8333333333333333,0.7777777777777778
734,0.4888888888888888,1.8333333333333333,0.5555555555555556
735,0.4888888888888888,1.8333333333333333,0.33333333333333337
736,0.4888888888888888,1.8333333333333333,0.11111111111111116
737,0.4888888888888888,1.8333333333333333,-0.11111111111111116
738,0.4888888888888888,1.8333333333333333,-0.33333333333333326
739,0.4888888888888888,1.8333333333333333,-0.5555555555555554
740,0.4888888888888888,1.8333333333333333,-0.7777777777777777
741,0.4888888888888888,1.8333333333333333,-1.0
742,0.4888888888888888,1.9444444444444444,1.0
743,0.4888888888888888,1.9444444444444444,0.7777777777777778
744,0.4888888888888888,1.9444444444444444,0.5555555555555556
745,0.4888888888888888,1.9444444444444444,0.33333333333333337
746,0.4888888888888888,1.9444444444444444,0.11111111111111116
747,0.4888888888888888,1.9444444444444444,-0.11111111111111116
748,0.4888888888888888,1.9444444444444444,-0.33333333333333326
749,0.4888888888888888,1.9444444444444444,-0.5555555555555554
750,0.4888888888888888,1.9444444444444444,-0.7777777777777777
751,0.4888888888888888,1.9444444444444444,-1.0
752,0.4888888888888888,2.0555555555555554,1.0
753,0.4888888888888888,2.0555555555555554,0.7777777777777778
754,0.4888888888888888,2.0555555555555554,0.5555555555555556
755,0.4888888888888888,2.0555555555555554,0.33333333333333337
756,0.4888888888888888,2.0555555555555554,0.11111111111111116
757,0.4888888888888888,2.0555555555555554,-0.11111111111111116
758,0.4888888888888888,2.0555555555555554,-0.33333333333333326
759,0.4888888888888888,2.0555555555555554,-0.5555555555555554
760,0.4888888888888888,2.0555555555555554,-0.7777777777777777
761,0.4888888888888888,2.0555555555555554,-1.0
762,0.4888888888888888,2.1666666666666665,1.0
763,0.4888888888888888,2.1666666666666665,0.7777777777777778
764,0.4888888888888888,2.1666666666666665,0.5555555555555556
765,0.4888888888888888,2.1666666666666665,0.33333333333333337
766,0.4888888888888888,2.1666666666666665,0.11111111111111116
767,0.4888888888888888,2.1666666666666665,-0.11111111111111116
768,0.4888888888888888,2.1666666666666665,-0.33333333333333326
769,0.4888888888888888,2.1666666666666665,-0.5555555555555554
770,0.4888888888888888,2.1666666666666665,-0.7777777777777777
771,0.4888888888888888,2.1666666666666665,-1.0
772,0.4888888888888888,2.2777777777777777,1.0
773,0.4888888888888888,2.2777777777777777,0.7777777777777778
774,0.4888888888888888,2.2777777777777777,0.5555555555555556
775,0.4888888888888888,2.2777777777777777,0.33333333333333337
776,0.4888888888888888,2.2777777777777777,0.11111111111111116
777,0.4888888888888888,2.2777777777777777,-0.11111111111111116
778,0.4888888888888888,2.2777777777777777,-0.33333333333333326
779,0.4888888888888888,2.2777777777777777,-0.5555555555555554
780,0.4888888888888888,2.2777777777777777,-0.7777777777777777
781,0.4888888888888888,2.2777777777777777,-1.0
782,0.4888888888888888,2.388888888888889,1.0
783,0.4888888888888888,2.388888888888889,0.7777777777777778
784,0.4888888888888888,2.388888888888889,0.5555555555555556
785,0.4888888888888888,2.388888888888889,0.33333333333333337
786,0.4888888888888888,2.388888888888889,0.11111111111111116
787,0.4888888888888888,2.388888888888889,-0.11111111111111116
788,0.4888888888888888,2.388888888888889,-0.33333333333333326
789,0.4888888888888888,2.388888888888889,-0.5555555555555554
790,0.4888888888888888,2.388888888888889,-0.7777777777777777
791,0.4888888888888888,2.388888888888889,-1.0
792,0.4888888888888888,2.5,1.0
793,0.4888888888888888,2.5,0.7777777777777778
794,0.4888888888888888,2.5,0.5555555555555556
795,0.4888888888888888,2.5,0.33333333333333337
796,0.4888888888888888,2.5,0.11111111111111116
797,0.4888888888888888,2.5,-0.11111111111111116
798,0.4888888888888888,2.5,-0.33333333333333326
799,0.4888888888888888,2.5,-0.5555555555555554
800,0.4888888888888888,2.5,-0.7777777777777777
801,0.4888888888888888,2.5,-1.0
802,0.5444444444444444,1.5,1.0
803,0.5444444444444444,1.5,0.7777777777777778
804,0.5444444444444444,1.5,0.5555555555555556
805,0.5444444444444444,1.5,0.33333333333333337
806,0.5444444444444444,1.5,0.11111111111111116
807,0.5444444444444444,1.5,-0.11111111111111116
808,0.5444444444444444,1.5,-0.33333333333333326
809,0.5444444444444444,1.5,-0.5555555555555554
810,0.5444444444444444,1.5,-0.7777777777777777
811,0.5444444444444444,1.5,-1.0
812,0.5444444444444444,1.6111111111111112,1.0
813,0.5444444444444444,1.6111111111111112,0.7777777777777778
814,0.5444444444444444,1.6111111111111112,0.5555555555555556
815,0.5444444444444444,1.6111111111111112,0.33333333333333337
816,0.5444444444444444,1.6111111111111112,0.11111111111111116
817,0.5444444444444444,1.6111111111111112,-0.11111111111111116
818,0.5444444444444444,1.6111111111111112,-0.33333333333333326
819,0.5444444444444444,1.6111111111111112,-0.5555555555555554
820,0.5444444444444444,1.6111111111111112,-0.7777777777777777
821,0.5444444444444444,1.6111111111111112,-1.0
822,0.5444444444444444,1.7222222222222223,1.0
823,0.5444444444444444,1.7222222222222223,0.7777777777777778
824,0.5444444444444444,1.7222222222222223,0.5555555555555556
825,0.5444444444444444,1.7222222222222223,0.33333333333333337
826,0.5444444444444444,1.7222222222222223,0.11111111111111116
827,0.5444444444444444,1.7222222222222223,-0.11111111111111116
828,0.5444444444444444,1.7222222222222223,-0.33333333333333326
829,0.5444444444444444,1.7222222222222223,-0.5555555555555554
830,0.5444444444444444,1.7222222222222223,-0.7777777777777777
831,0.5444444444444444,1.7222222222222223,-1.0
832,0.5444444444444444,1.8333333333333333,1.0
833,0.5444444444444444,1.8333333333333333,0.7777777777777778
834,0.5444444444444444,1.8333333333333333,0.5555555555555556
835,0.5444444444444444,1.8333333333333333,0.33333333333333337
836,0.5444444444444444,1.8333333333333333,0.11111111111111116
837,0.5444444444444444,1.8333333333333333,-0.11111111111111116
838,0.5444444444444444,1.8333333333333333,-0.33333333333333326
839,0.5444444444444444,1.8333333333333333,-0.5555555555555554
840,0.5444444444444444,1.8333333333333333,-0.7777777777777777
841,0.5444444444444444,1.8333333333333333,-1.0
842,0.5444444444444444,1.9444444444444444,1.0
843,0.5444444444444444,1.9444444444444444,0.7777777777777778
844,0.5444444444444444,1.9444444444444444,0.5555555555555556
845,0.5444444444444444,1.9444444444444444,0.33333333333333337
846,0.5444444444444444,1.9444444444444444,0.11111111111111116
847,0.5444444444444444,1.9444444444444444,-0.11111111111111116
848,0.5444444444444444,1.9444444444444444,-0.33333333333333326
849,0.5444444444444444,1.9444444444444444,-0.5555555555555554
850,0.5444444444444444,1.9444444444444444,-0.7777777777777777
851,0.5444444444444444,1.9444444444444444,-1.0
852,0.5444444444444444,2.0555555555555554,1.0
853,0.5444444444444444,2.0555555555555554,0.7777777777777778
854,0.5444444444444444,2.0555555555555554,0.5555555555555556
855,0.5444444444444444,2.0555555555555554,0.33333333333333337
856,0.5444444444444444,2.0555555555555554,0.11111111111111116
857,0.5444444444444444,2.0555555555555554,-0.11111111111111116
858,0.5444444444444444,2.0555555555555554,-0.33333333333333326
859,0.5444444444444444,2.0555555555555554,-0.5555555555555554
860,0.5444444444444444,2.0555555555555554,-0.7777777777777777
861,0.5444444444444444,2.0555555555555554,-1.0
862,0.5444444444444444,2.1666666666666665,1.0
863,0.5444444444444444,2.1666666666666665,0.7777777777777778
864,0.5444444444444444,2.1666666666666665,0.5555555555555556
865,0.5444444444444444,2.1666666666666665,0.33333333333333337
866,0.5444444444444444,2.1666666666666665,0.11111111111111116
867,0.5444444444444444,2.1666666666666665,-0.11111111111111116
868,0.5444444444444444,2.1666666666666665,-0.33333333333333326
869,0.5444444444444444,2.1666666666666665,-0.5555555555555554
870,0.5444444444444444,2.1666666666666665,-0.7777777777777777
871,0.5444444444444444,2.1666666666666665,-1.0
872,0.5444444444444444,2.2777777777777777,1.0
873,0.5444444444444444,2.2777777777777777,0.7777777777777778
874,0.5444444444444444,2.2777777777777777,0.5555555555555556
875,0.5444444444444444,2.2777777777777777,0.33333333333333337
876,0.5444444444444444,2.2777777777777777,0.11111111111111116
877,0.5444444444444444,2.2777777777777777,-0.11111111111111116
878,0.5444444444444444,2.2777777777777777,-0.33333333333333326
879,0.5444444444444444,2.2777777777777777,-0.5555555555555554
880,0.5444444444444444,2.2777777777777777,-0.7777777777777777
881,0.5444444444444444,2.2777777777777777,-1.0
882,0.5444444444444444,2.388888888888889,1.0
883,0.5444444444444444,2.388888888888889,0.7777777777777778
884,0.5444444444444444,2.388888888888889,0.5555555555555556
885,0.5444444444444444,2.388888888888889,0.33333333333333337
886,0.5444444444444444,2.388888888888889,0.11111111111111116
887,0.5444444444444444,2.388888888888889,-0.11111111111111116
888,0.5444444444444444,2.388888888888889,-0.33333333333333326
889,0.5444444444444444,2.388888888888889,-0.5555555555555554
890,0.5444444444444444,2.388888888888889,-0.7777777777777777
891,0.5444444444444444,2.388888888888889,-1.0
892,0.5444444444444444,2.5,1.0
893,0.5444444444444444,2.5,0.7777777777777778
894,0.5444444444444444,2.5,0.5555555555555556
895,0.5444444444444444,2.5,0.33333333333333337
896,0.5444444444444444,2.5,0.11111111111111116
897,0.5444444444444444,2.5,-0.11111111111111116
898,0.5444444444444444,2.5,-0.33333333333333326
899,0.5444444444444444,2.5,-0.5555555555555554
900,0.5444444444444444,2.5,-0.7777777777777777
901,0.5444444444444444,2.5,-1.0
902,0.6,1.5,1.0
903,0.6,1.5,0.7777777777777778
904,0.6,1.5,0.5555555555555556
905,0.6,1.5,0.33333333333333337
906,0.6,1.5,0.11111111111111116
907,0.6,1.5,-0.11111111111111116
908,0.6,1.5,-0.33333333333333326
909,0.6,1.5,-0.5555555555555554
910,0.6,1.5,-0.7777777777777777
911,0.6,1.5,-1.0
912,0.6,1.6111111111111112,1.0
913,0.6,1.6111111111111112,0.7777777777777778
914,0.6,1.6111111111111112,0.5555555555555556
915,0.6,1.6111111111111112,0.33333333333333337
916,0.6,1.6111111111111112,0.11111111111111116
917,0.6,1.6111111111111112,-0.11111111111111116
918,0.6,1.6111111111111112,-0.33333333333333326
919,0.6,1.6111111111111112,-0.5555555555555554
920,0.6,1.6111111111111112,-0.7777777777777777
921,0.6,1.6111111111111112,-1.0
922,0.6,1.7222222222222223,1.0
923,0.6,1.7222222222222223,0.7777777777777778
924,0.6,1.7222222222222223,0.5555555555555556
925,0.6,1.7222222222222223,0.33333333333333337
926,0.6,1.7222222222222223,0.11111111111111116
927,0.6,1.7222222222222223,-0.11111111111111116
928,0.6,1.7222222222222223,-0.33333333333333326
929,0.6,1.7222222222222223,-0.5555555555555554
930,0.6,1.7222222222222223,-0.7777777777777777
931,0.6,1.7222222222222223,-1.0
932,0.6,1.8333333333333333,1.0
933,0.6,1.8333333333333333,0.7777777777777778
934,0.6,1.8333333333333333,0.5555555555555556
935,0.6,1.8333333333333333,0.33333333333333337
936,0.6,1.8333333333333333,0.11111111111111116
937,0.6,1.8333333333333333,-0.11111111111111116
938,0.6,1.8333333333333333,-0.33333333333333326
939,0.6,1.8333333333333333,-0.5555555555555554
940,0.6,1.8333333333333333,-0.7777777777777777
941,0.6,1.8333333333333333,-1.0
942,0.6,1.9444444444444444,1.0
943,0.6,1.9444444444444444,0.7777777777777778
944,0.6,1.9444444444444444,0.5555555555555556
945,0.6,1.9444444444444444,0.33333333333333337
946,0.6,1.9444444444444444,0.11111111111111116
947,0.6,1.9444444444444444,-0.11111111111111116
948,0.6,1.9444444444444444,-0.33333333333333326
949,0.6,1.9444444444444444,-0.5555555555555554
950,0.6,1.9444444444444444,-0.7777777777777777
951,0.6,1.9444444444444444,-1.0
952,0.6,2.0555555555555554,1.0
953,0.6,2.0555555555555554,0.7777777777777778
954,0.6,2.0555555555555554,0.5555555555555556
955,0.6,2.0555555555555554,0.33333333333333337
956,0.6,2.0555555555555554,0.11111111111111116
957,0.6,2.0555555555555554,-0.11111111111111116
958,0.6,2.0555555555555554,-0.33333333333333326
959,0.6,2.0555555555555554,-0.5555555555555554
960,0.6,2.0555555555555554,-0.7777777777777777
961,0.6,2.0555555555555554,-1.0
962,0.6,2.1666666666666665,1.0
963,0.6,2.1666666666666665,0.7777777777777778
964,0.6,2.1666666666666665,0.5555555555555556
965,0.6,2.1666666666666665,0.33333333333333337
966,0.6,2.1666666666666665,0.11111111111111116
967,0.6,2.1666666666666665,-0.11111111111111116
968,0.6,2.1666666666666665,-0.33333333333333326
969,0.6,2.1666666666666665,-0.5555555555555554
970,0.6,2.1666666666666665,-0.7777777777777777
971,0.6,2.1666666666666665,-1.0
972,0.6,2.2777777777777777,1.0
973,0.6,2.2777777777777777,0.7777777777777778
974,0.6,2.2777777777777777,0.5555555555555556
975,0.6,2.2777777777777777,0.33333333333333337
976,0.6,2.2777777777777777,0.11111111111111116
977,0.6,2.2777777777777777,-0.11111111111111116
978,0.6,2.2777777777777777,-0.33333333333333326
979,0.6,2.2777777777777777,-0.5555555555555554
980,0.6,2.2777777777777777,-0.7777777777777777
981,0.6,2.2777777777777777,-1.0
982,0.6,2.388888888888889,1.0
983,0.6,2.388888888888889,0.7777777777777778
984,0.6,2.388888888888889,0.5555555555555556
985,0.6,2.388888888888889,0.33333333333333337
986,0.6,2.388888888888889,0.11111111111111116
987,0.6,2.388888888888889,-0.11111111111111116
988,0.6,2.388888888888889,-0.33333333333333326
989,0.6,2.388888888888889,-0.5555555555555554
990,0.6,2.388888888888889,-0.7777777777777777
991,0.6,2.388888888888889,-1.0
992,0.6,2.5,1.0
993,0.6,2.5,0.7777777777777778
994,0.6,2.5,0.5555555555555556
995,0.6,2.5,0.33333333333333337
996,0.6,2.5,0.11111111111111116
997,0.6,2.5,-0.11111111111111116
998,0.6,2.5,-0.33333333333333326
999,0.6,2.5,-0.5555555555555554
1000,0.6,2.5,-0.7777777777777777
1001,0.6,2.5,-1.0
